RF00001	rRNA
RF00005	tRNA
RF01852	tRNA
RF00169	SRP_RNA
RF00059	TPP
RF00013	6S
RF00023	tmRNA
RF02541	rRNA
RF02735	antisense_RNA
RF00174	Cobalamin
RF00010	RNase_P_RNA
RF00177	rRNA
RF01057	SAH_riboswitch
RF02514	5_ureB_sRNA
RF01782	antisense_RNA
RF01656	ceN72-3_ceN74-2
RF01336	CRISPR-DR23
RF01695	antisense_RNA
RF00080	yybP-ykoY
RF02278	Betaproteobacteria_toxic_sRNA
RF00504	Glycine
RF01750	ZMP-ZTP
RF02835	Bcj11
RF01317	CRISPR-DR4
RF02221	sRNA-Xcc1
RF01734	Fluoride
RF02232	sX13
RF02235	antisense_RNA
RF02224	sX5
RF00106	antisense_RNA
RF00050	FMN
RF00162	SAM
RF01766	cspA
RF02975	DUF3800-XI
RF01867	CC2171
RF00519	suhB
RF00634	SAM-IV
RF00521	SAM_alpha
RF01849	tmRNA
RF01793	ffh
RF01815	rpsB
RF01330	CRISPR-DR16
RF02194	antisense_RNA
RF02543	rRNA
RF01960	rRNA
RF02269	HPnc0580
RF02650	CncR1
RF01346	CRISPR-DR36
RF00166	PrrB_RsmZ
RF00240	antisense_RNA
RF00625	P11
RF00444	PrrF
RF01811	PtaRNA1
RF01683	P6
RF00195	RsmY
RF02144	rsmX
RF01675	CrcZ
RF00627	P15
RF01719	Pseudomon-1
RF01669	P14
RF01674	P27
RF00629	P24
RF01673	PhrS
RF00630	P26
RF01676	P31
RF02405	P34
RF02227	sX8
RF00628	RgsA
RF00127	t44
RF00624	P9
RF01670	P17
RF01671	P18
RF00623	P1
RF02872	SrbA
RF02523	ROSE_3
RF02812	antisense_RNA
RF02276	hammerhead_ribozyme
RF01668	P10
RF01679	P36
RF00442	ykkC-yxkD
RF03057	nhaA-I
RF02228	sX9
RF02230	sX11
RF02225	sX6
RF02226	sX7
RF02241	Xoo2
RF02223	sX4
RF02238	antisense_RNA
RF02233	sX14
RF02231	sX12
RF03023	rpfG
RF02239	antisense_RNA
RF02344	ar14
RF02345	ar15
RF00489	antisense_RNA
RF02507	Atu_Ti3
RF02508	Atu_Ti4
RF02506	Atu_Ti1
RF02496	Atu_At1
RF02648	Cis90_sRNA
RF02356	BjrC1505
RF02347	ar45
RF02343	ar9
RF02600	BASRCI27
RF02500	Atu_C6
RF02502	Atu_C8
RF02342	ar7
RF02647	Cis52_sRNA
RF02878	MH_s7
RF02879	MH_s10
RF02882	MH_s36
RF02503	Atu_C9
RF02346	ar35
RF02501	Atu_C7
RF02552	RcsR1
RF00435	ROSE
RF02688	RAGATH-13
RF03085	abiF
RF01396	isrN
RF02057	STnc40
RF02375	Aar
RF02053	STnc430
RF01394	isrK
RF02607	AbsR25
RF02606	AbsR28
RF02608	AbsR11
RF03046	Pseudomonadales-1
RF02075	STnc230
RF01809	antisense_RNA
RF00014	DsrA
RF00121	MicC
RF03036	osmY
RF01830	StyR-44
RF02629	RmaA
RF00057	antisense_RNA
RF00018	CsrB
RF01405	STnc490
RF00170	msr
RF00042	antisense_RNA
RF00107	antisense_RNA
RF00035	OxyS
RF02029	sraA
RF01387	isrC
RF00124	IS102
RF00022	GcvB
RF00081	ArcZ
RF00117	C0719
RF00122	GadY
RF00077	SraB
RF00370	sroD
RF00369	sroC
RF00371	sroE
RF00043	antisense_RNA
RF00119	C0299
RF00125	IS128
RF02060	STnc410
RF01794	antisense_RNA
RF02068	STnc480
RF00126	ryfA
RF02076	STnc100
RF00082	SraG
RF02515	AfaR
RF01055	MOCO_RNA_motif
RF00168	Lysine
RF02568	UptR
RF02754	ES205
RF02703	AsxR
RF02798	CssrA
RF02875	antisense_RNA
RF02855	antisense_RNA
RF02876	antisense_RNA
RF02873	antisense_RNA
RF00033	antisense_RNA
RF02031	tpke11
RF02069	STnc70
RF02030	tp2
RF00112	CyaR_RyeE
RF00078	MicA
RF00128	GlmY_tke1
RF00083	GlmZ_SraJ
RF01397	isrO
RF02564	naRNA4
RF02084	STnc130
RF00534	SgrS
RF02081	STnc550
RF00079	OmrA-B
RF02654	MicL
RF00101	SraC_RyeA
RF00084	CsrC
RF00034	antisense_RNA
RF02736	Rev11
RF02768	Ysr155(RyfD)
RF01400	istR
RF01796	frnS
RF02757	Erse
RF02782	CpoB_ybgF_thermometer
RF01832	ROSE_2
RF02850	antisense_RNA
RF02797	PssrA
RF00380	ykoK
RF00021	Spot_42
RF00110	RybB
RF01728	STAXI
RF00111	SdsR_RyeB
RF00368	sroB
RF02674	antisense_RNA
RF02957	EFASI
RF02761	sR084
RF02772	AilA_thermometer
RF02819	antisense_RNA
RF02100	tfoR
RF02537	TarA
RF03037	PAGEV
RF02733	ToxT_thermometer
RF02820	antisense_RNA
RF02834	VqmR
RF02818	antisense_RNA
RF02821	V_IGR5
RF00378	Qrr
RF03061	uxuA
RF01456	antisense_RNA
RF00167	Purine
RF01808	MicX
RF02732	JA04
RF02730	JA02
RF02729	JA01
RF02731	JA03
RF02728	HrrF
RF00522	PreQ1
RF02899	AaHKsRNA54
RF02902	AaHKsRNA22
RF02898	AaHKsRNA20
RF02903	antisense_RNA
RF02996	int-alpA
RF01367	CRISPR-DR54
RF02900	AaHKsRNA82
RF02904	AaHKsRNA69
RF02859	Arrc11
RF02860	Arrc14
RF02562	CbSR14
RF02926	DUF2693-FD
RF03020	RT-17
RF01364	CRISPR-DR51
RF02933	ARRPOF
RF02682	ribozyme
RF00234	glmS
RF02680	PreQ1-III
RF01831	THF
RF02958	drum
RF02440	SpF59_sRNA
RF02924	skipping-rope
RF03080	RT-9
RF02994	IMPDH
RF00379	ydaO-yuaA
RF02646	Cis8_sRNA
RF00560	snoRNA
RF01854	SRP_RNA
RF02969	DUF3800-I
RF01705	Flavo-1
RF01685	6S-Flavo
RF02553	Y_RNA
RF02353	BjrC68
RF01723	Rhizobiales-2
RF02354	BjrC80
RF02355	BjrC174
RF03058	sul1
RF01419	antisense_RNA
RF01701	Cyano-1
RF01116	Yfr1
RF01739	glnA
RF01343	CRISPR-DR33
RF01365	CRISPR-DR52
RF02677	NsiR4
RF02701	PsrR1
RF02358	hsp17
RF01318	CRISPR-DR5
RF02593	NsiR8
RF02399	NsiR1
RF02033	HEARO
RF01347	CRISPR-DR37
RF01329	CRISPR-DR15
RF02594	NsiR9
RF02596	cyano_het_sRNA
RF02540	rRNA
RF00011	RNase_P_RNA
RF01776	RatA
RF01492	rli28
RF00238	antisense_RNA
RF01689	AdoCbl-variant
RF03026	RT-5
RF01959	rRNA
RF01786	c-di-GMP-II
RF03072	raiA
RF02469	Ms_IGR-7
RF00242	antisense_RNA
RF01797	antisense_RNA
RF01458	antisense_RNA
RF02576	tsr1
RF00503	RNAIII
RF02693	psm_mec_RNA
RF02696	Teg49
RF02864	sRNA_0030
RF02842	RefA1
RF02414	rli60
RF01820	RsaE
RF01775	RsaOG
RF02385	sau-13
RF01494	antisense_RNA
RF02895	S414
RF02896	S774
RF02452	ncr1575
RF01053	Y_RNA
RF02988	GEBRO
RF00235	Plasmid_RNAIII
RF01732	asd
RF02527	SSRC38
RF02444	SpR10_sRNA
RF02526	SSRC34_1
RF02524	sagA
RF01335	CRISPR-DR22
RF01054	preQ1-II
RF02348	tracrRNA
RF01470	rli38
RF02419	Spd-sr37
RF02822	Srn266
RF02384	FasX
RF02592	antisense_RNA
RF02617	SSRC10
RF00388	antisense_RNA
RF01742	lactis-plasmid
RF01690	Bacillaceae-1
RF01411	BsrF
RF01410	BsrC
RF02662	antisense_RNA
RF01691	Bacillus-plasmid
RF03064	RAGATH-18
RF02376	SR1
RF02378	SurC
RF00039	antisense_RNA
RF01412	BsrG
RF02449	ncr1015
RF01071	OLE
RF01352	CRISPR-DR43
RF01315	CRISPR-DR2
RF02908	antisense_RNA
RF01327	CRISPR-DR14
RF02921	RT-14
RF02937	Clostridiales-2
RF02417	VR-RNA
RF01316	CRISPR-DR3
RF00002	rRNA
RF02683	NiCo
RF03071	DUF1646
RF01767	SMK_box_riboswitch
RF01710	Lacto-usp
RF02848	RefB11
RF02971	emrB-Lactobacillus
RF03066	COG3610-DE
RF02840	Ref68
RF03014	Transposase-1
RF03087	ROOL
RF01472	rli40
RF00038	PrfA
RF01467	rli36
RF00615	LhrA
RF00616	LhrC
RF01488	rli49
RF01469	rli33
RF01466	rli34
RF01476	rliF
RF01473	rli41
RF01474	rli42
RF01457	rli22
RF01462	rli26
RF01463	rli27
RF01489	sbrA
RF01478	rli47
RF01468	rli32
RF01461	rli24
RF01475	antisense_RNA
RF01487	rliI
RF01459	rliE
RF01477	rli43
RF01464	rliA
RF01479	rli48
RF01482	AdoCbl_riboswitch
RF03010	mcrA
RF02415	rliG
RF01465	rli31
RF01460	rliH
RF01493	rli37
RF00660	precursor_RNA
RF00898	precursor_RNA
RF02000	precursor_RNA
RF03015	Transposase-2
RF00236	antisense_RNA
RF01781	ASdes
RF02341	ncrMT1302
RF01791	F6
RF02471	Ms_IGR-5
RF02886	npcTB_6715
RF02465	Ms_AS-5
RF02470	Ms_IGR-8
RF02463	Ms_AS-1
RF02466	Ms_AS-8
RF02566	Ms1
RF02467	Ms_IGR-2
RF02468	Ms_IGR-4
RF02464	Ms_AS-4
RF00008	hammerhead_ribozyme
RF02743	antisense_RNA
RF02605	scr5239
RF02673	scr4677
RF02832	Scr5676
RF02790	sodF_sRNA
RF02831	Scr2736
RF02828	Scr3920
RF02830	Scr1601
RF02829	Scr4115
RF03059	raiA-hairpin
RF03034	nrdJ
RF03076	Streptomyces-metH
RF03063	Streptomyces-metK
RF02935	che1
RF02827	Scr6106
RF02833	Scr3202
RF02826	Scr6925
RF02989	gntR-DTE
RF01340	CRISPR-DR29
RF02713	MCS4
RF00373	RNase_P_RNA
RF00062	HgcC
RF01122	snoRNA
RF01351	CRISPR-DR42
RF01358	CRISPR-DR39
RF01857	SRP_RNA
RF00095	snoRNA
RF02984	DUF3800-X
RF02163	snoRNA
RF02656	sot0042
RF00058	snoRNA
RF00060	snoRNA
RF00064	snoRNA
RF00065	snoRNA
RF00063	SscA
RF01132	snoRNA
RF01131	snoRNA
RF01136	snoRNA
RF01129	snoRNA
RF01319	CRISPR-DR6
RF01273	snoRNA
RF01275	snoRNA
RF01350	CRISPR-DR41
RF01274	snoRNA
RF01124	snoRNA
RF02794	snoRNA
RF01130	snoRNA
RF01138	snoRNA
RF01309	snoRNA
RF02796	snoRNA
RF01308	snoRNA
RF01307	snoRNA
RF01128	snoRNA
RF01152	snoRNA
RF01145	snoRNA
RF01144	snoRNA
RF01829	snoRNA
RF01143	snoRNA
RF01125	snoRNA
RF01147	snoRNA
RF01141	snoRNA
RF01150	snoRNA
RF01146	snoRNA
RF01304	snoRNA
RF01312	snoRNA
RF01338	CRISPR-DR25
RF02783	IscS1_thermometer
RF02773	TrxA_thermometer
RF02550	antisense_RNA
RF00026	snRNA
RF00073	precursor_RNA
RF00097	snoRNA
RF02516	precursor_RNA
RF01279	snoRNA
RF00003	snRNA
RF00645	precursor_RNA
RF00451	precursor_RNA
RF00647	precursor_RNA
RF01206	snoRNA
RF01431	snoRNA
RF00007	snRNA
RF00203	snoRNA
RF00358	snoRNA
RF00200	snoRNA
RF01236	snoRNA
RF00213	snoRNA
RF00548	snRNA
RF01422	snoRNA
RF00352	snoRNA
RF01855	SRP_RNA
RF00690	precursor_RNA
RF00303	snoRNA
RF00343	snoRNA
RF00865	precursor_RNA
RF00069	snoRNA
RF00321	snoRNA
RF00339	snoRNA
RF00359	snoRNA
RF00638	precursor_RNA
RF00296	snoRNA
RF01230	snoRNA
RF01283	snoRNA
RF00016	snoRNA
RF00132	snoRNA
RF00643	precursor_RNA
RF00075	precursor_RNA
RF01219	snoRNA
RF00695	precursor_RNA
RF00049	snoRNA
RF01059	precursor_RNA
RF01302	snoRNA
RF00329	snoRNA
RF00452	precursor_RNA
RF00004	snRNA
RF00345	snoRNA
RF00842	precursor_RNA
RF00648	precursor_RNA
RF01281	snoRNA
RF01430	snoRNA
RF00149	snoRNA
RF01213	snoRNA
RF00015	snRNA
RF00640	precursor_RNA
RF00742	precursor_RNA
RF02407	snoRNA
RF00300	snoRNA
RF00020	snRNA
RF00689	precursor_RNA
RF01228	snoRNA
RF00357	snoRNA
RF00055	snoRNA
RF00315	snoRNA
RF00326	snoRNA
RF01231	snoRNA
RF00344	snoRNA
RF00304	snoRNA
RF00160	snoRNA
RF00778	precursor_RNA
RF01292	snoRNA
RF00445	precursor_RNA
RF01432	snoRNA
RF00309	snoRNA
RF00677	precursor_RNA
RF00267	snoRNA
RF00360	snoRNA
RF00030	RNase_MRP_RNA
RF01424	snoRNA
RF01227	snoRNA
RF00328	snoRNA
RF00147	snoRNA
RF00202	snoRNA
RF01215	snoRNA
RF01026	precursor_RNA
RF00688	precursor_RNA
RF01423	snoRNA
RF00692	precursor_RNA
RF00135	snoRNA
RF00247	precursor_RNA
RF00353	snoRNA
RF00356	snoRNA
RF01847	snoRNA
RF00355	snoRNA
RF00054	snoRNA
RF00714	precursor_RNA
RF00704	precursor_RNA
RF00134	snoRNA
RF01421	snoRNA
RF00205	snoRNA
RF01285	snoRNA
RF01220	snoRNA
RF01198	snoRNA
RF02413	snoRNA
RF01193	snoRNA
RF01163	snoRNA
RF01428	snoRNA
RF01287	snoRNA
RF00093	snoRNA
RF01179	snoRNA
RF00619	snRNA
RF00204	snoRNA
RF01155	snoRNA
RF00133	snoRNA
RF00330	snoRNA
RF01433	snoRNA
RF00780	precursor_RNA
RF01420	snoRNA
RF01170	snoRNA
RF01300	snoRNA
RF01178	snoRNA
RF02411	snoRNA
RF01845	enod40
RF00307	snoRNA
RF01208	snoRNA
RF00046	snoRNA
RF01288	snoRNA
RF01286	snoRNA
RF01280	snoRNA
RF00012	snoRNA
RF00333	snoRNA
RF00017	SRP_RNA
RF02547	rRNA
RF00862	precursor_RNA
RF00104	precursor_RNA
RF01848	snoRNA
RF00697	precursor_RNA
RF00906	precursor_RNA
RF00882	precursor_RNA
RF02542	rRNA
RF00926	precursor_RNA
RF00145	snoRNA
RF01941	precursor_RNA
RF01284	snoRNA
RF00925	precursor_RNA
RF01043	precursor_RNA
RF01927	precursor_RNA
RF01426	snoRNA
RF00206	snoRNA
RF00201	snoRNA
RF00349	snoRNA
RF00350	snoRNA
RF00103	precursor_RNA
RF02803	snoRNA
RF00782	precursor_RNA
RF00789	precursor_RNA
RF00332	snoRNA
RF02539	snoRNA
RF01376	CRISPR-DR63
RF00857	precursor_RNA
RF01224	snoRNA
RF00264	snoRNA
RF00456	precursor_RNA
RF00244	precursor_RNA
RF00529	snoRNA
RF01299	snoRNA
RF00241	precursor_RNA
RF00086	snoRNA
RF00828	precursor_RNA
RF00340	snoRNA
RF02410	snoRNA
RF00598	snoRNA
RF01687	Acido-Lenti-1
RF00397	snoRNA
RF00210	IRES_Picorna_2
RF03079	MISL
RF02499	Atu_C4
RF02497	Atu_C10
RF01725	SAM-I-IV-variant
RF02504	Atu_L1
RF02762	C1_109596F_thermometer
RF02505	Atu_L6
RF02498	Atu_C3
RF03044	Proteo-phage-1
RF00066	snRNA
RF00208	snoRNA
RF01005	precursor_RNA
RF00845	precursor_RNA
RF01727	SAM-SAH
RF00482	snoRNA
RF01427	snoRNA
RF00652	precursor_RNA
RF00721	precursor_RNA
RF00739	precursor_RNA
RF00779	precursor_RNA
RF00956	precursor_RNA
RF00954	precursor_RNA
RF01289	snoRNA
RF00316	snoRNA
RF00323	snoRNA
RF00268	snoRNA
RF00768	precursor_RNA
RF00348	snoRNA
RF01180	snoRNA
RF00351	snoRNA
RF00893	precursor_RNA
RF00943	precursor_RNA
RF01425	snoRNA
RF02408	snoRNA
RF01429	snoRNA
RF02409	snoRNA
RF00901	precursor_RNA
RF02412	snoRNA
RF01301	snoRNA
RF02406	snoRNA
RF02719	snoRNA
RF02710	TeloSII_ncR45
RF02721	snoRNA
RF02715	snoRNA
RF02720	snoRNA
RF02716	snoRNA
RF02707	TeloSII_ncR33
RF02711	TeloSII_ncR49
RF02717	snoRNA
RF02708	TeloSII_ncR40
RF02709	TeloSII_ncR43
RF02722	snoRNA
RF02705	snoRNA
RF02706	TeloSII_ncR30
RF02718	snoRNA
RF00824	precursor_RNA
RF00337	snoRNA
RF01823	rspL
RF00265	snoRNA
RF01917	precursor_RNA
RF01171	snoRNA
RF00972	precursor_RNA
RF00246	precursor_RNA
RF02871	ncS54
RF03018	RT-15
RF00251	precursor_RNA
RF00804	precursor_RNA
RF02035	IMES-2
RF02932	Betaproteobacteria-1
RF00190	snoRNA
RF00743	precursor_RNA
RF00655	precursor_RNA
RF00838	precursor_RNA
RF00286	snoRNA
RF00827	precursor_RNA
RF01326	CRISPR-DR13
RF00724	precursor_RNA
RF00885	precursor_RNA
RF01413	precursor_RNA
RF01159	snoRNA
RF00311	snoRNA
RF00336	snoRNA
RF00312	snoRNA
RF00070	snoRNA
RF00314	snoRNA
RF00142	snoRNA
RF00327	snoRNA
RF00361	snoRNA
RF00441	snoRNA
RF00305	snoRNA
RF00306	snoRNA
RF00320	snoRNA
RF00301	snoRNA
RF00159	snoRNA
RF00886	precursor_RNA
RF01911	precursor_RNA
RF02096	precursor_RNA
RF02027	precursor_RNA
RF01925	precursor_RNA
RF01902	precursor_RNA
RF00920	precursor_RNA
RF00331	snoRNA
RF00884	precursor_RNA
RF00908	precursor_RNA
RF00883	precursor_RNA
RF00313	snoRNA
RF00310	snoRNA
RF00317	snoRNA
RF00318	snoRNA
RF00102	VA
RF00891	precursor_RNA
RF00237	precursor_RNA
RF01344	CRISPR-DR34
RF01134	snoRNA
RF00191	snoRNA
RF00888	precursor_RNA
RF00665	precursor_RNA
RF00392	snoRNA
RF00834	precursor_RNA
RF00895	precursor_RNA
RF00377	snoRNA
RF02628	Hrs1
RF01860	snoRNA
RF01787	ribozyme
RF02234	sX15
RF01514	snoRNA
RF02631	Hrs13
RF01498	snoRNA
RF01509	snoRNA
RF01505	snoRNA
RF00118	rydB
RF00239	precursor_RNA
RF01263	snoRNA
RF02874	antisense_RNA
RF00547	IRES_TrkB
RF02544	tmRNA
RF01185	snoRNA
RF00009	RNase_P_RNA
RF01447	snoRNA
RF01451	snoRNA
RF01436	snoRNA
RF00335	snoRNA
RF01438	snoRNA
RF01450	snoRNA
RF01439	snoRNA
RF01448	snoRNA
RF01435	snoRNA
RF01434	snoRNA
RF01444	snoRNA
RF01449	snoRNA
RF01846	snoRNA
RF01442	snoRNA
RF01437	snoRNA
RF01446	snoRNA
RF00475	snoRNA
RF01441	snoRNA
RF01443	snoRNA
RF01502	SRP_RNA
RF01452	snoRNA
RF01445	snoRNA
RF01440	snoRNA
RF01188	snoRNA
RF00476	snoRNA
RF01176	snoRNA
RF01184	snoRNA
RF01207	snoRNA
RF01247	snoRNA
RF01223	snoRNA
RF01262	snoRNA
RF01218	snoRNA
RF00474	snoRNA
RF00488	snRNA
RF01258	snoRNA
RF01255	snoRNA
RF01181	snoRNA
RF01249	snoRNA
RF01201	snoRNA
RF01248	snoRNA
RF01269	snoRNA
RF00479	snoRNA
RF01253	snoRNA
RF01256	snoRNA
RF01242	snoRNA
RF01244	snoRNA
RF00509	snoRNA
RF00473	snoRNA
RF01209	snoRNA
RF01260	snoRNA
RF01214	snoRNA
RF01177	snoRNA
RF01203	snoRNA
RF00477	snoRNA
RF01252	snoRNA
RF00471	snoRNA
RF01251	snoRNA
RF00472	snoRNA
RF01237	snoRNA
RF01050	telomerase_RNA
RF01199	snoRNA
RF00338	snoRNA
RF01261	snoRNA
RF01272	snoRNA
RF01264	snoRNA
RF01238	snoRNA
RF01257	snoRNA
RF01216	snoRNA
RF01243	snoRNA
RF01195	snoRNA
RF01235	snoRNA
RF01254	snoRNA
RF01267	snoRNA
RF01205	snoRNA
RF01259	snoRNA
RF01824	RUF20
RF01204	snoRNA
RF01265	snoRNA
RF01239	snoRNA
RF01197	snoRNA
RF01245	snoRNA
RF01271	snoRNA
RF01266	snoRNA
RF01246	snoRNA
RF01240	snoRNA
RF01250	snoRNA
RF01190	snoRNA
RF02530	URE2_IRES
RF01507	snoRNA
RF01515	snoRNA
RF01506	snoRNA
RF01496	Afu_182
RF02402	snoRNA
RF01499	snoRNA
RF01500	snoRNA
RF01512	Afu_309
RF01504	Afu_254
RF01513	snoRNA
RF01511	snoRNA
RF01501	snoRNA
RF01277	snoRNA
RF02462	telomerase_RNA
RF01537	snoRNA
RF01533	snoRNA
RF00294	snoRNA
RF01546	snoRNA
RF01548	snoRNA
RF00295	snoRNA
RF01553	snoRNA
RF01547	snoRNA
RF01552	snoRNA
RF00292	snoRNA
RF01556	snoRNA
RF01555	snoRNA
RF01861	snoRNA
RF01549	snoRNA
RF02545	rRNA
RF02546	rRNA
RF01862	snoRNA
RF01856	SRP_RNA
RF01543	snoRNA
RF01554	snoRNA
RF01550	snoRNA
RF01525	snoRNA
RF01536	snoRNA
RF01524	snoRNA
RF01522	snoRNA
RF01538	snoRNA
RF02785	snoRNA
RF02786	snoRNA
RF01545	snoRNA
RF01551	snoRNA
RF01534	snoRNA
RF01542	snoRNA
RF01541	snoRNA
RF01557	snoRNA
RF01540	snoRNA
RF01532	snoRNA
RF01544	snoRNA
RF01531	snoRNA
RF01558	snoRNA
RF01523	snoRNA
RF01535	snoRNA
RF01539	snoRNA
RF02788	snoRNA
RF02787	snoRNA
RF02789	snoRNA
RF02479	snoRNA
RF02338	precursor_RNA
RF02337	precursor_RNA
RF02336	snoRNA
RF02478	snoRNA
RF02473	snoRNA
RF02474	snoRNA
RF02335	precursor_RNA
RF02477	snoRNA
RF02475	snoRNA
RF02339	precursor_RNA
RF02493	snRNA
RF02486	snoRNA
RF02490	snoRNA
RF02489	snoRNA
RF02472	RNase_MRP_RNA
RF02483	snoRNA
RF02491	snRNA
RF02482	snoRNA
RF02485	snoRNA
RF02488	snoRNA
RF02481	snoRNA
RF02484	snoRNA
RF02476	snoRNA
RF02494	snRNA
RF02492	snRNA
RF02487	snoRNA
RF01566	snoRNA
RF00163	hammerhead_ribozyme
RF02555	rRNA
RF01575	snoRNA
RF01570	SRP_RNA
RF01560	snoRNA
RF01561	snoRNA
RF01574	snoRNA
RF01568	snoRNA
RF01572	snoRNA
RF01573	snoRNA
RF01565	snoRNA
RF01563	snoRNA
RF01569	snoRNA
RF01559	snoRNA
RF02554	rRNA
RF02869	ncS025
RF01807	autocatalytically_spliced_intron
RF01390	isrG
RF01699	Clostridiales-1
RF00614	snoRNA
RF01864	snoRNA
RF01593	snoRNA
RF01603	snoRNA
RF01582	RUF4
RF01600	snoRNA
RF01601	snoRNA
RF01591	snoRNA
RF01598	snoRNA
RF01594	snoRNA
RF01587	snoRNA
RF01588	snoRNA
RF01592	snoRNA
RF01596	snoRNA
RF01602	snoRNA
RF01584	snoRNA
RF01597	snoRNA
RF01577	RNase_P_RNA
RF01585	snoRNA
RF01578	RUF1
RF01604	snoRNA
RF01590	snoRNA
RF01599	snoRNA
RF01606	snoRNA
RF01583	snoRNA
RF01605	snoRNA
RF01586	snoRNA
RF01595	snoRNA
RF01579	RUF2
RF00410	snoRNA
RF01589	snoRNA
RF01581	RUF6-5
RF01580	RUF3
RF00263	snoRNA
RF00025	telomerase_RNA
RF02316	snoRNA
RF02301	snoRNA
RF02287	snoRNA
RF02309	snoRNA
RF02288	snoRNA
RF02295	snoRNA
RF02302	snoRNA
RF02298	snoRNA
RF02317	snoRNA
RF02323	snoRNA
RF02286	snoRNA
RF02329	snoRNA
RF02325	snoRNA
RF02293	snoRNA
RF02319	snoRNA
RF02308	snoRNA
RF02291	snoRNA
RF02330	snoRNA
RF02300	snoRNA
RF02279	snoRNA
RF02331	snoRNA
RF02296	snoRNA
RF02285	snoRNA
RF02311	snoRNA
RF02306	snoRNA
RF02297	snoRNA
RF02334	snoRNA
RF02310	snoRNA
RF02282	snoRNA
RF02281	snoRNA
RF02305	snoRNA
RF02303	snoRNA
RF02313	snoRNA
RF02328	snoRNA
RF02299	snoRNA
RF02332	snoRNA
RF02304	snoRNA
RF02312	snoRNA
RF02320	snoRNA
RF02289	snoRNA
RF02284	snoRNA
RF02280	snoRNA
RF02327	snoRNA
RF02292	snoRNA
RF02290	snoRNA
RF02307	snoRNA
RF02283	snoRNA
RF02321	snoRNA
RF02294	snoRNA
RF02326	snoRNA
RF02333	snoRNA
RF02315	snoRNA
RF02324	snoRNA
RF02318	snoRNA
RF02322	snoRNA
RF02314	snoRNA
RF00096	snoRNA
RF00641	precursor_RNA
RF00928	precursor_RNA
RF00618	snRNA
RF01278	snoRNA
RF00181	snoRNA
RF00270	snoRNA
RF01166	snoRNA
RF00199	SL2
RF01625	snoRNA
RF01641	snoRNA
RF01648	snoRNA
RF01662	snoRNA
RF01157	snoRNA
RF01640	snoRNA
RF01167	snoRNA
RF01652	snoRNA
RF01609	snoRNA
RF01646	snoRNA
RF01630	snoRNA
RF01651	snoRNA
RF01608	snoRNA
RF01636	snoRNA
RF01611	snoRNA
RF01165	snoRNA
RF01615	snoRNA
RF01643	ceN56
RF01647	snoRNA
RF01162	snoRNA
RF01189	snoRNA
RF01526	snoRNA
RF01634	snoRNA
RF01635	snoRNA
RF01618	snoRNA
RF01660	snoRNA
RF01628	snoRNA
RF01607	snoRNA
RF00685	precursor_RNA
RF01642	snoRNA
RF00800	precursor_RNA
RF01653	snoRNA
RF01160	snoRNA
RF01620	snoRNA
RF01654	snoRNA
RF01221	snoRNA
RF01664	snoRNA
RF01621	snoRNA
RF00850	precursor_RNA
RF01663	ceN93
RF00820	precursor_RNA
RF01661	snoRNA
RF02245	precursor_RNA
RF00823	precursor_RNA
RF01610	snoRNA
RF01194	snoRNA
RF00900	precursor_RNA
RF00027	precursor_RNA
RF00899	precursor_RNA
RF01614	snoRNA
RF01629	snoRNA
RF01627	snoRNA
RF01658	snoRNA
RF00826	precursor_RNA
RF01612	snoRNA
RF01637	snoRNA
RF01222	snoRNA
RF01655	snoRNA
RF01639	snoRNA
RF01659	snoRNA
RF01638	snoRNA
RF01631	snoRNA
RF00832	precursor_RNA
RF01613	snoRNA
RF00052	precursor_RNA
RF01626	snoRNA
RF01645	snoRNA
RF01649	snoRNA
RF01644	snoRNA
RF00849	precursor_RNA
RF00151	snoRNA
RF01633	snoRNA
RF01623	ceN23-1
RF01212	snoRNA
RF01153	snoRNA
RF00855	precursor_RNA
RF00902	precursor_RNA
RF00821	precursor_RNA
RF00710	precursor_RNA
RF00831	precursor_RNA
RF00797	precursor_RNA
RF01844	snRNA
RF00856	precursor_RNA
RF00713	precursor_RNA
RF00785	precursor_RNA
RF00799	precursor_RNA
RF00812	precursor_RNA
RF00796	precursor_RNA
RF00837	precursor_RNA
RF00894	precursor_RNA
RF00852	precursor_RNA
RF00844	precursor_RNA
RF00816	precursor_RNA
RF00249	precursor_RNA
RF00848	precursor_RNA
RF01202	snoRNA
RF00836	precursor_RNA
RF00830	precursor_RNA
RF00774	precursor_RNA
RF00896	precursor_RNA
RF00728	precursor_RNA
RF01617	snoRNA
RF00859	precursor_RNA
RF00833	precursor_RNA
RF00809	precursor_RNA
RF00734	precursor_RNA
RF00790	precursor_RNA
RF00819	precursor_RNA
RF00851	precursor_RNA
RF00904	precursor_RNA
RF00817	precursor_RNA
RF00798	precursor_RNA
RF00815	precursor_RNA
RF01064	precursor_RNA
RF01632	snoRNA
RF00843	precursor_RNA
RF00795	precursor_RNA
RF00810	precursor_RNA
RF00808	precursor_RNA
RF00811	precursor_RNA
RF00794	precursor_RNA
RF01172	snoRNA
RF00791	precursor_RNA
RF00903	precursor_RNA
RF00847	precursor_RNA
RF00835	precursor_RNA
RF01866	snoRNA
RF02244	precursor_RNA
RF02214	precursor_RNA
RF01624	snoRNA
RF00955	precursor_RNA
RF01650	snoRNA
RF01622	snoRNA
RF00905	precursor_RNA
RF01619	ceN115
RF00846	precursor_RNA
RF00045	snoRNA
RF00047	precursor_RNA
RF00198	SL1
RF00446	precursor_RNA
RF00711	precursor_RNA
RF00108	snoRNA
RF00100	snRNA
RF00279	snoRNA
RF00994	precursor_RNA
RF01518	pRNA
RF00229	IRES_Picorna
RF00138	snoRNA
RF00563	snoRNA
RF00006	vault_RNA
RF00588	snoRNA
RF00657	precursor_RNA
RF01296	snoRNA
RF00089	snoRNA
RF00277	snoRNA
RF01290	snoRNA
RF00053	precursor_RNA
RF00581	snoRNA
RF00221	snoRNA
RF00716	precursor_RNA
RF00727	precursor_RNA
RF00600	snoRNA
RF00158	snoRNA
RF01225	snoRNA
RF00694	precursor_RNA
RF02365	Yfr17
RF00211	snoRNA
RF00667	precursor_RNA
RF00274	snoRNA
RF00593	snoRNA
RF00074	precursor_RNA
RF00440	snoRNA
RF00706	precursor_RNA
RF00672	precursor_RNA
RF00535	snoRNA
RF00725	precursor_RNA
RF00637	precursor_RNA
RF00747	precursor_RNA
RF02111	IS009
RF01210	snoRNA
RF01052	snRNA
RF02574	Ricks_sRNA10
RF02800	Rp_sR47
RF02025	precursor_RNA
RF01408	sraL
RF00950	precursor_RNA
RF01395	isrL
RF00717	precursor_RNA
RF00947	precursor_RNA
RF00679	precursor_RNA
RF02520	precursor_RNA
RF02577	tsr24
RF00720	precursor_RNA
RF00754	precursor_RNA
RF01174	snoRNA
RF00751	precursor_RNA
RF00757	precursor_RNA
RF00661	precursor_RNA
RF00730	precursor_RNA
RF01914	precursor_RNA
RF00543	snoRNA
RF00732	precursor_RNA
RF00813	precursor_RNA
RF01924	precursor_RNA
RF01912	precursor_RNA
RF01937	precursor_RNA
RF01913	precursor_RNA
RF00532	snoRNA
RF02026	precursor_RNA
RF00545	snoRNA
RF00729	precursor_RNA
RF01916	precursor_RNA
RF01926	precursor_RNA
RF00948	precursor_RNA
RF01943	precursor_RNA
RF00752	precursor_RNA
RF02912	AAC_AAD_leader
RF01788	ribozyme
RF02442	SpF66_sRNA
RF01681	P4
RF02679	ribozyme
RF00527	snoRNA
RF00291	snoRNA
RF00536	snoRNA
RF00786	precursor_RNA
RF00807	precursor_RNA
RF00530	snoRNA
RF01901	precursor_RNA
RF00814	precursor_RNA
RF01226	snoRNA
RF00818	precursor_RNA
RF00853	precursor_RNA
RF00528	snoRNA
RF00325	snoRNA
RF00546	snoRNA
RF00540	snoRNA
RF00526	snoRNA
RF00788	precursor_RNA
RF00822	precursor_RNA
RF00541	snoRNA
RF00544	snoRNA
RF00542	snoRNA
RF00539	snoRNA
RF00537	snoRNA
RF00726	precursor_RNA
RF00854	precursor_RNA
RF01997	precursor_RNA
RF00531	snoRNA
RF00538	snoRNA
RF00464	precursor_RNA
RF01996	precursor_RNA
RF01175	snoRNA
RF00143	precursor_RNA
RF02009	precursor_RNA
RF01232	snoRNA
RF01196	snoRNA
RF02517	precursor_RNA
RF00787	precursor_RNA
RF00858	precursor_RNA
RF00533	snoRNA
RF00801	precursor_RNA
RF02667	snoRNA
RF02669	snoRNA
RF02665	snoRNA
RF02714	snoRNA
RF00293	snoRNA
RF00949	precursor_RNA
RF02518	precursor_RNA
RF00433	Hsp90_CRE
RF02666	snoRNA
RF02668	snoRNA
RF02670	snoRNA
RF00068	snoRNA
RF02575	DM_SisR1
RF01944	precursor_RNA
RF01804	Lambda_thermo
RF01853	antisense_RNA
RF02625	WsnRNA46
RF00398	snoRNA
RF02749	Ncrwmel02
RF00575	snoRNA
RF00281	snoRNA
RF00396	snoRNA
RF01229	snoRNA
RF00150	snoRNA
RF00622	ribozyme
RF00604	snoRNA
RF00650	precursor_RNA
RF00288	snoRNA
RF00319	snoRNA
RF02684	ribozyme
RF00137	snoRNA
RF00993	precursor_RNA
RF00967	precursor_RNA
RF00663	precursor_RNA
RF00953	precursor_RNA
RF01117	precursor_RNA
RF00091	snoRNA
RF00273	snoRNA
RF00099	snoRNA
RF00582	snoRNA
RF00212	snoRNA
RF00188	snoRNA
RF00024	telomerase_RNA
RF00608	snoRNA
RF00702	precursor_RNA
RF00731	precursor_RNA
RF00607	snoRNA
RF01191	snoRNA
RF00662	precursor_RNA
RF00746	precursor_RNA
RF00682	precursor_RNA
RF00671	precursor_RNA
RF00656	precursor_RNA
RF00131	precursor_RNA
RF00686	precursor_RNA
RF01211	snoRNA
RF00156	snoRNA
RF00178	precursor_RNA
RF00271	snoRNA
RF00683	precursor_RNA
RF00152	snoRNA
RF00666	precursor_RNA
RF00642	precursor_RNA
RF00696	precursor_RNA
RF00644	precursor_RNA
RF00701	precursor_RNA
RF00659	precursor_RNA
RF00693	precursor_RNA
RF00129	precursor_RNA
RF01684	mascRNA-menRNA
RF00144	precursor_RNA
RF00403	snoRNA
RF00678	precursor_RNA
RF01014	precursor_RNA
RF00455	precursor_RNA
RF02095	precursor_RNA
RF00684	precursor_RNA
RF00568	snoRNA
RF00651	precursor_RNA
RF00553	snoRNA
RF01192	snoRNA
RF00669	precursor_RNA
RF00649	precursor_RNA
RF00892	precursor_RNA
RF00654	precursor_RNA
RF00646	precursor_RNA
RF01156	snoRNA
RF00613	snoRNA
RF00722	precursor_RNA
RF00278	snoRNA
RF00019	Y_RNA
RF00186	snoRNA
RF00566	snoRNA
RF00691	precursor_RNA
RF00154	snoRNA
RF00494	snoRNA
RF00076	precursor_RNA
RF00255	precursor_RNA
RF02061	precursor_RNA
RF00658	precursor_RNA
RF00217	snoRNA
RF01896	precursor_RNA
RF00576	snoRNA
RF00139	snoRNA
RF00673	precursor_RNA
RF00406	snoRNA
RF00571	snoRNA
RF00750	precursor_RNA
RF00700	precursor_RNA
RF00324	snoRNA
RF00572	snoRNA
RF00155	snoRNA
RF00248	precursor_RNA
RF00573	snoRNA
RF00745	precursor_RNA
RF02092	precursor_RNA
RF00254	precursor_RNA
RF00405	snoRNA
RF00322	snoRNA
RF00675	precursor_RNA
RF00423	snoRNA
RF00698	precursor_RNA
RF00569	snoRNA
RF00253	precursor_RNA
RF01233	snoRNA
RF01241	snoRNA
RF00245	precursor_RNA
RF00257	precursor_RNA
RF00136	snoRNA
RF00580	snoRNA
RF00653	precursor_RNA
RF00674	precursor_RNA
RF00703	precursor_RNA
RF00287	snoRNA
RF02275	hammerhead_ribozyme
RF00051	precursor_RNA
RF00578	snoRNA
RF00258	precursor_RNA
RF00399	snoRNA
RF00599	snoRNA
RF00636	NRON
RF00231	snoRNA
RF00709	precursor_RNA
RF00438	snoRNA
RF00429	snoRNA
RF00749	precursor_RNA
RF00411	snoRNA
RF00187	snoRNA
RF00090	snoRNA
RF00601	snoRNA
RF00414	snoRNA
RF00439	snoRNA
RF00432	snoRNA
RF00275	snoRNA
RF00407	snoRNA
RF00153	snoRNA
RF00764	precursor_RNA
RF00067	snoRNA
RF01945	precursor_RNA
RF00334	snoRNA
RF00256	precursor_RNA
RF00283	snoRNA
RF00430	snoRNA
RF00933	precursor_RNA
RF01291	snoRNA
RF00087	snoRNA
RF00878	precursor_RNA
RF00705	precursor_RNA
RF00302	snoRNA
RF00408	snoRNA
RF00486	precursor_RNA
RF00577	snoRNA
RF00564	snoRNA
RF00561	snoRNA
RF00056	snoRNA
RF00424	snoRNA
RF00393	snoRNA
RF00478	snoRNA
RF01168	snoRNA
RF02020	precursor_RNA
RF00157	snoRNA
RF00567	snoRNA
RF00609	snoRNA
RF00341	snoRNA
RF00402	snoRNA
RF00130	precursor_RNA
RF01895	precursor_RNA
RF00562	snoRNA
RF00991	precursor_RNA
RF00218	snoRNA
RF00712	precursor_RNA
RF00266	snoRNA
RF00443	snoRNA
RF00418	snoRNA
RF00284	snoRNA
RF00664	precursor_RNA
RF00586	snoRNA
RF00413	snoRNA
RF00425	snoRNA
RF00071	snoRNA
RF01268	snoRNA
RF01234	snoRNA
RF00092	snoRNA
RF00431	snoRNA
RF00400	snoRNA
RF00574	snoRNA
RF00088	snoRNA
RF01295	snoRNA
RF00592	snoRNA
RF00591	snoRNA
RF00612	snoRNA
RF00611	snoRNA
RF00072	snoRNA
RF00415	snoRNA
RF00276	snoRNA
RF00342	snoRNA
RF00918	precursor_RNA
RF00421	snoRNA
RF00579	snoRNA
RF00222	IRES_Bag1
RF01865	ribozyme
RF00085	snoRNA
RF01298	snoRNA
RF00493	snoRNA
RF00668	precursor_RNA
RF00803	precursor_RNA
RF00989	precursor_RNA
RF00565	snoRNA
RF01182	snoRNA
RF02097	precursor_RNA
RF00715	precursor_RNA
RF01016	precursor_RNA
RF00412	snoRNA
RF00280	snoRNA
RF01056	Mg_sensor
RF00419	snoRNA
RF00426	snoRNA
RF00462	IRES_APC
RF00792	precursor_RNA
RF01186	snoRNA
RF00767	precursor_RNA
RF00966	precursor_RNA
RF02094	precursor_RNA
RF00875	precursor_RNA
RF02093	precursor_RNA
RF00417	snoRNA
RF00606	snoRNA
RF00876	precursor_RNA
RF00422	snoRNA
RF01898	precursor_RNA
RF00401	snoRNA
RF01161	snoRNA
RF00763	precursor_RNA
RF00735	precursor_RNA
RF01151	snoRNA
RF00289	snoRNA
RF01200	snoRNA
RF00409	snoRNA
RF00887	precursor_RNA
RF00404	snoRNA
RF01183	snoRNA
RF00487	IRES_Cx43
RF00957	precursor_RNA
RF01503	Afu_203
RF00420	snoRNA
RF00427	snoRNA
RF02598	EBv-sisRNA-2
RF02015	precursor_RNA
RF02723	snoRNA
RF00285	snoRNA
RF00980	precursor_RNA
RF01919	precursor_RNA
RF00416	snoRNA
RF01015	precursor_RNA
RF00917	precursor_RNA
RF00877	precursor_RNA
RF00910	precursor_RNA
RF00772	precursor_RNA
RF00951	precursor_RNA
RF00428	snoRNA
RF01938	precursor_RNA
RF00761	precursor_RNA
RF00952	precursor_RNA
RF00554	snoRNA
RF00602	snoRNA
RF00189	snoRNA
RF02277	hammerhead_ribozyme
RF00793	precursor_RNA
RF00394	snoRNA
RF00282	snoRNA
RF01010	precursor_RNA
RF01939	precursor_RNA
RF00603	snoRNA
RF01294	snoRNA
RF00594	snoRNA
RF02535	ODC_IRES
RF00484	IRES_Cx32
RF02017	precursor_RNA
RF00783	precursor_RNA
RF01169	snoRNA
RF00872	precursor_RNA
RF00707	precursor_RNA
RF00570	snoRNA
RF00781	precursor_RNA
RF01019	precursor_RNA
RF00708	precursor_RNA
RF00777	precursor_RNA
RF00996	precursor_RNA
RF00771	precursor_RNA
RF00977	precursor_RNA
RF00766	precursor_RNA
RF00937	precursor_RNA
RF00840	precursor_RNA
RF00680	precursor_RNA
RF00942	precursor_RNA
RF00584	snoRNA
RF00753	precursor_RNA
RF00998	precursor_RNA
RF00841	precursor_RNA
RF01164	snoRNA
RF00911	precursor_RNA
RF00610	snoRNA
RF00770	precursor_RNA
RF01018	precursor_RNA
RF01045	precursor_RNA
RF00939	precursor_RNA
RF01022	precursor_RNA
RF00457	IRES_mnt
RF02531	NRF2_IRES
RF00224	IRES_FGF2
RF00261	IRES_L-myc
RF00802	precursor_RNA
RF00670	precursor_RNA
RF00736	precursor_RNA
RF00946	precursor_RNA
RF00784	precursor_RNA
RF00105	snoRNA
RF01033	precursor_RNA
RF01008	precursor_RNA
RF00929	precursor_RNA
RF00492	snoRNA
RF01903	precursor_RNA
RF00983	precursor_RNA
RF00775	precursor_RNA
RF00676	precursor_RNA
RF00870	precursor_RNA
RF01897	precursor_RNA
RF00839	precursor_RNA
RF00769	precursor_RNA
RF00737	precursor_RNA
RF01003	precursor_RNA
RF00741	precursor_RNA
RF00986	precursor_RNA
RF00723	precursor_RNA
RF01918	precursor_RNA
RF01012	precursor_RNA
RF00879	precursor_RNA
RF00687	precursor_RNA
RF00935	precursor_RNA
RF00806	precursor_RNA
RF00733	precursor_RNA
RF00912	precursor_RNA
RF01173	snoRNA
RF01044	precursor_RNA
RF00748	precursor_RNA
RF01920	precursor_RNA
RF00449	IRES_HIF1
RF00447	IRES_Kv1_4
RF00829	precursor_RNA
RF00223	IRES_Bip
RF00387	IRES_FGF1
RF00861	precursor_RNA
RF00549	IRES_c-sis
RF01923	precursor_RNA
RF00760	precursor_RNA
RF00921	precursor_RNA
RF00226	IRES_n-myc
RF00740	precursor_RNA
RF00756	precursor_RNA
RF00758	precursor_RNA
RF00718	precursor_RNA
RF00762	precursor_RNA
RF00755	precursor_RNA
RF00915	precursor_RNA
RF00919	precursor_RNA
RF00968	precursor_RNA
RF01038	precursor_RNA
RF00936	precursor_RNA
RF00744	precursor_RNA
RF00765	precursor_RNA
RF01031	precursor_RNA
RF02014	precursor_RNA
RF01921	precursor_RNA
RF00890	precursor_RNA
RF00699	precursor_RNA
RF01383	GRIK4_3p_UTR
RF02724	snoRNA
RF00621	ribozyme
RF01039	precursor_RNA
RF00927	precursor_RNA
RF00272	snoRNA
RF02725	snoRNA
RF01922	precursor_RNA
RF00719	precursor_RNA
RF01002	precursor_RNA
RF00990	precursor_RNA
RF00216	IRES_c-myc
RF00483	IRES_IGF2
RF00461	IRES_VEGF_A
RF01042	precursor_RNA
RF02011	precursor_RNA
RF00639	precursor_RNA
RF01020	precursor_RNA
RF00984	precursor_RNA
RF01041	precursor_RNA
RF00961	precursor_RNA
RF00964	precursor_RNA
RF01061	precursor_RNA
RF02002	precursor_RNA
RF02006	precursor_RNA
RF00897	precursor_RNA
RF00773	precursor_RNA
RF00958	precursor_RNA
RF01034	precursor_RNA
RF00978	precursor_RNA
RF01006	precursor_RNA
RF01036	precursor_RNA
RF01013	precursor_RNA
RF02007	precursor_RNA
RF01314	precursor_RNA
RF01007	precursor_RNA
RF02016	precursor_RNA
RF02018	precursor_RNA
RF00945	precursor_RNA
RF01910	precursor_RNA
RF00962	precursor_RNA
RF02019	precursor_RNA
RF01293	snoRNA
RF00681	precursor_RNA
RF00969	precursor_RNA
RF00981	precursor_RNA
RF00970	precursor_RNA
RF01037	precursor_RNA
RF01004	precursor_RNA
RF00995	precursor_RNA
RF01035	precursor_RNA
RF01028	precursor_RNA
RF00960	precursor_RNA
RF02028	precursor_RNA
RF00873	precursor_RNA
RF00987	precursor_RNA
RF01040	precursor_RNA
RF00992	precursor_RNA
RF01023	precursor_RNA
RF00959	precursor_RNA
RF02013	precursor_RNA
RF00973	precursor_RNA
RF01024	precursor_RNA
RF00997	precursor_RNA
RF01027	precursor_RNA
RF00976	precursor_RNA
RF01025	precursor_RNA
RF01158	snoRNA
RF02024	precursor_RNA
RF02726	snoRNA
RF02727	snoRNA
RF02664	IRES_cyp24a1
RF00495	IRES_Hsp70
RF00963	precursor_RNA
RF01032	precursor_RNA
RF00979	precursor_RNA
RF02010	precursor_RNA
RF02022	precursor_RNA
RF00974	precursor_RNA
RF01000	precursor_RNA
RF00985	precursor_RNA
RF02008	precursor_RNA
RF01021	precursor_RNA
RF02023	precursor_RNA
RF00965	precursor_RNA
RF00988	precursor_RNA
RF01029	precursor_RNA
RF00971	precursor_RNA
RF01030	precursor_RNA
RF00999	precursor_RNA
RF01001	precursor_RNA
RF01011	precursor_RNA
RF02556	snaR-A
RF02021	precursor_RNA
RF00866	precursor_RNA
RF00907	precursor_RNA
RF01942	precursor_RNA
RF00825	precursor_RNA
RF00776	precursor_RNA
RF00931	precursor_RNA
RF00909	precursor_RNA
RF00914	precursor_RNA
RF00922	precursor_RNA
RF01320	CRISPR-DR7
RF00805	precursor_RNA
RF00940	precursor_RNA
RF00941	precursor_RNA
RF00934	precursor_RNA
RF00932	precursor_RNA
RF00113	SIB_RNA
RF00869	precursor_RNA
RF00863	precursor_RNA
RF02712	EBER2
RF00363	precursor_RNA
RF01516	snoRNA
RF00868	precursor_RNA
RF00867	precursor_RNA
RF00364	precursor_RNA
RF00365	precursor_RNA
RF00874	precursor_RNA
RF00864	precursor_RNA
RF00367	precursor_RNA
RF00366	precursor_RNA
RF01789	EBER1
RF02595	EBv-sisRNA-1
RF00448	IRES_EBNA
RF01802	snRNA
RF01009	precursor_RNA
RF03075	DUF3800-VIII
RF02892	antisense_RNA
RF00044	Phage_pRNA
RF00262	antisense_RNA
RF00209	IRES_Pesti
RF00061	IRES_HCV
RF00250	precursor_RNA
RF00228	IRES_HepA
RF00458	IRES_Cripavirus
RF00225	IRES_Tobamo
RF00173	ribozyme
RF02897	S808
RF02589	Spy779816
RF00094	ribozyme
RF03013	nadA
RF02944	c4-2
RF02925	6A
RF03052	RAGATH-28
RF02987	GA-cis
RF02966	DUF3268
RF02962	DUF3800-III
RF03065	IS605-orfB-I
RF02998	IS605-orfB-II
RF02976	Flavobacterium-1
RF03028	RT-7
RF03000	LOOT
RF02943	Bacteroidales-2
RF03094	LAGLIDADG-2
RF02938	COG2827
RF02986	FuFi-1
RF03070	ssNA-helicase
RF03043	Prevotella-2
RF03068	RT-3
RF03012	Mu-gpT-DE
RF02968	DUF3800-IX
RF03105	RAGATH-7-assoc
RF02942	Clostridiales-3
RF03108	Methylosinus-1
RF02931	Bacilli-1
RF03096	RAGATH-19
RF03110	throat-1
RF02955	EGFOA
RF03041	poplar-1
RF02941	COG3943
RF02956	DUF2693
RF02945	Corio-PBP
RF03084	DUF2815
RF02946	cow-rumen-1
RF02967	DUF3800-VII
RF03048	RAGATH-20
RF03088	Parabacteroides-1
RF02928	Actinomyces-1
RF03073	RT-19
RF02983	Fibrobacter-1
RF03112	Staphylococcus-1
RF03103	RAGATH-34
RF02948	cow-rumen-4
RF03097	RAGATH-21
RF03022	RT-10
RF03082	dinG
RF02952	dfrA-dnaX
RF03021	RT-18
RF03049	RAGATH-24
RF02990	gut-2
RF03101	RAGATH-31
RF02995	IMES-5
RF03099	RAGATH-23
RF03016	RT-12
RF03017	RT-13
RF02964	DUF3800-V
RF02965	CyVA-1
RF03091	Clostridium-PBP
RF03077	RT-2
RF03019	RT-16
RF03050	RAGATH-25
RF02961	DUF3800-II
RF03095	RAGATH-17
RF02947	cow-rumen-2
RF02950	D12-methyl
RF03025	RT-4
RF03098	RAGATH-22
RF03027	RT-6
RF03104	RAGATH-36
RF03011	Methylophilales-1
RF03056	RAGATH-35
RF03006	M23
RF03089	cold-seep-1
RF03053	OTKONC
RF03055	RAGATH-30
RF03030	salivarius-1
RF03102	RAGATH-33
RF02934	caiA
RF03092	Ocean-VII
RF03042	porB
RF02979	freshwater-1
RF02927	Actino-ugpB
RF03093	queA
RF02970	EGFOA-assoc-1
RF03004	Lacto-phage-1
RF02997	HOLDH
RF02963	DUF3800-IV
RF03007	Mahella-1
RF03047	RAGATH-16
RF03051	RAGATH-26
RF03107	saliva-tongue-1
RF02985	ftsZ-DE
RF03029	RT-8
RF03100	RAGATH-27
RF03106	RT-11
RF02973	Enterococcus-1
RF03115	KDPG-aldolase
RF03111	Zeta-pan
RF02936	Chloroflexus-1
RF03045	proV
RF03083	cow-rumen-3
RF03114	RT-1
RF01826	SAM_V
RF01702	Cyano-2
RF01305	snoRNA
RF01850	tmRNA
RF02423	Bp1_781
RF02866	ncS16
RF02884	BcKCsr7
RF02692	BTH_s39
RF02424	Bp2_287
RF02420	Bp1_162
RF02837	Bcj7
RF02865	ncS01
RF02422	Bp1_738
RF02867	ncS011
RF02883	BcKCsr2
RF02836	Bcj14
RF01693	Bacteroidales-1
RF01392	isrI
RF01133	snoRNA
RF01384	InvR
RF01339	CRISPR-DR27
RF02032	GOLLD
RF01310	snoRNA
RF01780	AS1890
RF02519	antisense_RNA
RF01816	RsaA
RF02580	tsr31
RF02578	tsr25
RF01819	RsaD
RF02393	sau-59
RF01821	RsaH
RF02894	S35
RF02395	sau-66
RF02074	STnc240
RF02770	Ysr224
RF02849	Ysr197
RF02767	Ysr186_sR026_CsrC
RF02766	Ysr49
RF02764	Ysr190
RF02778	FdoG1_thermometer
RF02765	Ysr209
RF02853	Ysr201
RF02781	ManX_thermometer
RF02779	PepN_thermometer
RF02854	Ysr100
RF01363	CRISPR-DR50
RF00975	precursor_RNA
RF02254	precursor_RNA
RF01851	tmRNA
RF01067	ATPC
RF02784	SorX
RF02645	Cis2_sRNA
RF01357	CRISPR-DR31
RF01120	snoRNA
RF02891	antisense_RNA
RF00505	RydC
RF02051	STnc450
RF00372	sroH
RF02052	STnc630
RF02064	STnc370
RF02756	ES239
RF02755	ES222
RF02751	ES036
RF01700	Collinsella-1
RF02618	SSRC34_2
RF02637	EF0408_EF0409
RF02635	EF0820_EF0821
RF02636	EF1368_EF1369
RF02634	EF3314_EF3315
RF02639	EF0869_EF0870
RF02863	sRNA_2410
RF02839	antisense_RNA
RF02838	Ref55
RF02845	Ref1C
RF02846	antisense_RNA
RF02843	antisense_RNA
RF02847	Ref64
RF02841	Ref70
RF02862	sRNA_1300
RF01940	precursor_RNA
RF00511	IRES_KSHV
RF01374	CRISPR-DR61
RF01936	precursor_RNA
RF01139	snoRNA
RF02824	LPR10
RF02528	SSRC41
RF02425	SpF01_sRNA
RF02644	Spy490380c
RF02641	Spy490483c
RF02643	Spy491738
RF02242	Xoo5
RF02243	Xoo8
RF02825	LPR17
RF02403	snoRNA
RF01385	isrA
RF01404	PinT
RF02050	STnc470
RF01401	rseX
RF02077	STnc220
RF01406	STnc500
RF02078	STnc210
RF02066	STnc320
RF02082	STnc540
RF02049	STnc460
RF01402	STnc150
RF02056	STnc390
RF02062	STnc361
RF01403	STnc290
RF01813	antisense_RNA
RF02071	STnc280
RF02059	STnc50
RF01409	STnc250
RF01407	STnc560
RF02079	STnc180
RF02067	STnc310
RF01399	isrQ
RF02088	STnc510
RF02063	STnc350
RF02070	STnc300
RF01391	isrH
RF01388	isrD
RF02652	StyR-3
RF02753	ES173
RF02746	AsrC
RF02700	HtrA_thermometer
RF01795	FourU
RF02433	SpF36_sRNA
RF01322	CRISPR-DR9
RF02350	psRNA6
RF01576	snoRNA
RF01414	class_I_RNA
RF01564	snoRNA
RF01562	snoRNA
RF01567	snoRNA
RF01571	DdR35
RF02823	LPR69
RF01368	CRISPR-DR55
RF01900	precursor_RNA
RF01356	CRISPR-DR28
RF01694	Bacteroides-1
RF01325	CRISPR-DR12
RF02738	Rev24
RF02222	sX2
RF02240	Xoo1
RF01527	CrfA
RF02695	NrsZ
RF02268	MtlS
RF01915	precursor_RNA
RF01899	precursor_RNA
RF01370	CRISPR-DR57
RF02366	Yfr19
RF02368	Yfr21
RF02367	Yfr20
RF02363	Yfr11
RF02364	Yfr13
RF02360	Yfr8
RF02362	Yfr10
RF02421	Bp1_684
RF01757	sbcD
RF02434	SpF39_sRNA
RF00115	McaS
RF01337	CRISPR-DR24
RF02657	sot2652
RF02495	ohsC_RNA
RF02658	IRES_RhPV
RF02949	Cupriavidus-1
RF01276	snoRNA
RF01149	snoRNA
RF02795	snoRNA
RF01521	CC1840
RF01528	CC3513
RF01529	CC3552
RF01530	CC3664
RF01519	CC0196
RF01520	CC0734
RF01127	snoRNA
RF01297	snoRNA
RF01135	snoRNA
RF01121	snoRNA
RF01123	snoRNA
RF01140	snoRNA
RF01126	snoRNA
RF01142	snoRNA
RF01119	snoRNA
RF01303	snoRNA
RF01362	CRISPR-DR49
RF02632	Hrs10
RF02633	Hrs21
RF02630	Hrs12
RF02791	CcsR1
RF01783	b55
RF01798	g2
RF01779	AS1726
RF02571	Mcr7
RF02659	ncRv12659
RF00116	C0465
RF02083	OrzO-P
RF02750	ES003
RF02694	RalA
RF02752	ES056
RF02446	SpR18_sRNA
RF02653	StyR-143
RF01398	isrP
RF02058	STnc400
RF02396	sau-5949
RF01828	SprD
RF02388	sau-30
RF01822	RsaJ
RF02397	sau-5971
RF01817	RsaB
RF02386	sau-19
RF02394	sau-63
RF02387	sau-27
RF02398	sau-6072
RF01858	RsaF
RF01818	RsaC
RF02389	sau-31
RF02390	sau-41
RF02392	sau-53
RF02582	tsr33
RF02581	tsr32
RF02672	SprX
RF02583	Teg23
RF02890	SprC
RF01321	CRISPR-DR8
RF02763	IsrM
RF01389	isrF
RF02080	STnc170
RF01386	isrB
RF02054	STnc420
RF01393	isrJ
RF02055	STnc380
RF02073	STnc260
RF02072	STnc590
RF02065	STnc340
RF02048	STnc30
RF02565	Y_RNA
RF02369	h2cR
RF02691	BTH_s19
RF02690	BTH_s1
RF02870	ncS035
RF01331	CRISPR-DR18
RF02699	Avashort_thermometer
RF02698	Avalong_thermometer
RF02569	IhtA
RF02844	antisense_RNA
RF02909	rli117
RF02591	Spy1786666
RF02270	nse_sRNA
RF01416	antisense_RNA
RF02274	AniS
RF02877	NmsRb
RF02811	FHbp_thermometer
RF02861	IR_84
RF02810	Lst_thermometer
RF01706	Gut-1
RF01762	whalefall-1
RF02567	Va-907
RF02349	psRNA2
RF02597	shuA_thermo
RF02529	SSRC8_1
RF02590	Spy1186876
RF02626	WsnRNA59
RF01471	rliB
RF02432	SpF25_sRNA
RF02435	SpF41_sRNA
RF02436	SpF43_sRNA
RF02426	SpF03_sRNA
RF02379	csRNA
RF02447	SpR19_sRNA
RF02430	SpF19_sRNA
RF02437	SpF44_sRNA
RF02428	SpF11_sRNA
RF02445	SpR14_sRNA
RF02431	SpF22_sRNA
RF02441	SpF61_sRNA
RF02448	SpR20_sRNA
RF02438	SpF51_sRNA
RF02429	SpF14_sRNA
RF02443	SpR08_sRNA
RF02418	Spd-sr07
RF02427	SpF10_sRNA
RF02747	FtrA
RF02748	FtrB
RF01366	CRISPR-DR53
RF01355	CRISPR-DR26
RF01354	CRISPR-DR45
RF01722	Pyrobac-1
RF02357	RNase_P_RNA
RF02805	snoRNA
RF02804	snoRNA
RF02806	snoRNA
RF02807	snoRNA
RF02802	snoRNA
RF02808	snoRNA
RF02793	antisense_RNA
RF02801	snoRNA
RF02480	snoRNA
RF01863	snoRNA
RF02525	SSRC30
RF01323	CRISPR-DR10
RF01306	snoRNA
RF02792	antisense_RNA
RF02905	sRNA41
RF02815	Lig_thermometer
RF02856	30_292
RF02857	30_255
RF01324	CRISPR-DR11
RF02236	antisense_RNA
RF02906	sRNA154
RF02640	MOSES4
RF02702	AgvB
RF02734	Cgb105
RF02627	Ssr1
RF02616	SSRC8_2
RF02741	Rev44
RF01784	bablM
RF01686	Acido-1
RF02619	BSnc115
RF02621	BSnc120
RF02623	BSnc140
RF02622	BSnc121
RF02624	BSnc150
RF02620	BSnc119
RF02655	BSR0441
RF02611	BSR0653
RF02885	SAM_VI
RF01678	P37
RF01672	P2
RF01677	P35
RF01665	P13
RF01680	P5
RF01682	P8
RF02404	P33
RF02809	RsmW
RF02889	Sr006
RF02813	PA5194_thermometer
RF02758	RhlA_thermometer
RF02759	LasI_thermometer
RF02374	YenS
RF02675	Ysr141
RF02671	Ysr35
RF02769	Ysr202
RF02760	sR035
RF02851	antisense_RNA
RF02776	SodC_thermometer
RF02852	Ysr206
RF02774	KatA_thermometer
RF02775	SodB_thermometer
RF02780	PutA_thermometer
RF02777	OppA_thermometer
RF02704	LcrF_thermometer
RF02771	CnfY_thermometer
RF02868	ncS037
RF02742	Rev72
RF02739	Rev41
RF02737	Rev13
RF02273	FsrA
RF02454	ncr982
RF02451	ncr1241
RF02450	ncr1175
RF02377	SurA
RF02453	ncr952
RF01360	CRISPR-DR47
RF02615	BSR0626
RF02609	BSR0602
RF02612	BSR1350
RF02614	BSR1073
RF02610	BSR0709
RF02613	BSR0739
RF02570	BM-sr0117
RF01345	CRISPR-DR35
RF01270	snoRNA
RF01825	RUF21
RF01765	srg1
RF02638	EF0605_EF0606
RF02888	BtsR1
RF02563	antisense_RNA
RF02559	antisense_RNA
RF02561	CbSR12
RF02560	antisense_RNA
RF02557	CbSR1
RF02558	antisense_RNA
RF02351	psRNA14
RF02858	Arrc08
RF01361	CRISPR-DR48
RF02538	TarB
RF01812	Pxr
RF02649	Trans44_sRNA
RF01379	CRISPR-DR66
RF02681	ribozyme
RF02685	RAGATH-5
RF01353	CRISPR-DR44
RF01510	MFR
RF02880	MH_s15
RF02881	MH_s25
RF01137	snoRNA
RF02573	LLnc147
RF02651	SorY
RF02814	Sso133
RF01696	Chlorobi-1
RF01712	Methylobacterium-1
RF01348	CRISPR-DR38
RF02237	antisense_RNA
RF02099	rivX
RF03035	nqrA-Marinomonas
RF02799	CssrB
RF02676	Esr41
RF02642	Spy491311c
RF01703	Dictyoglomi-1
RF01718	Polynucleobacter-1
RF01814	rhtB
RF01810	pntA
RF01827	SAR11_0636
RF01359	CRISPR-DR46
RF01342	CRISPR-DR32
RF01341	CRISPR-DR30
RF01371	CRISPR-DR58
RF01373	CRISPR-DR60
RF01334	CRISPR-DR21
RF01332	CRISPR-DR19
RF01698	Chloroflexi-1
RF01369	CRISPR-DR56
RF02601	BASRCI337
RF02604	BASRCI153
RF02599	BASRCI408
RF02602	BASRCI414
RF02603	BASRCII26
RF01333	CRISPR-DR20
RF01328	CRISPR-DR17
RF01375	CRISPR-DR62
RF01378	CRISPR-DR65
RF01377	CRISPR-DR64
RF02678	ribozyme
RF02686	RAGATH-6
RF02034	IMES-1
RF02036	IMES-3
RF02037	IMES-4
RF01714	Ocean-V
RF01349	CRISPR-DR40
RF02579	tsr26
RF02687	RAGATH-8
RF02901	AaHKsRNA41
RF02439	SpF56_sRNA
RF03113	Poribacteria-1
RF00028	Intron_gpI
RF00029	Intron_gpII
RF00031	SECIS_1
RF00032	Histone3
RF00036	RRE
RF00037	IRE_I
RF00040	rne5
RF00041	Entero_OriR
RF00048	Entero_CRE
RF00109	Vimentin3
RF00114	S15
RF00140	Alpha_RBS
RF00161	nos_TCE
RF00164	s2m
RF00165	Corona_pk3
RF00171	Tombus_5
RF00172	CAESAR
RF00175	HIV-1_DIS
RF00176	Tombus_3_IV
RF00179	GAIT
RF00180	REN-SRE
RF00182	Corona_package
RF00183	G-CSF_SLDE
RF00184	PVX_3
RF00185	Flavi_CRE
RF00192	BLV_package
RF00193	CTV_rep_sig
RF00194	Rubella_3
RF00196	AMV_RNA1_SL
RF00207	K10_TLS
RF00214	Retro_dr1
RF00215	Tombus_3_III
RF00220	Rhino_CRE
RF00227	FIE3
RF00230	T-box
RF00232	Spi-1
RF00233	Tymo_tRNA-like
RF00243	traJ_5
RF00252	Alfamo_CPB
RF00259	IFN_gamma
RF00260	HepC_CRE
RF00290	BaMV_CRE
RF00362	Pospi_RY
RF00374	Gammaretro_CES
RF00375	HIV_PBS
RF00376	HIV_GSL3
RF00381	Antizyme_FSE
RF00382	DnaX
RF00383	IS1222_FSE
RF00384	Pox_AX_element
RF00385	IBV_D-RNA
RF00386	Entero_5_CRE
RF00389	satBaMV_CRE
RF00390	UPSK
RF00391	RtT
RF00434	BTE
RF00436	UnaL2
RF00437	HLE
RF00453	Cardiovirus_CRE
RF00454	p27_CRE
RF00459	MPMV_package
RF00460	U1A_PIE
RF00463	ApoB_5_CRE
RF00465	JEV_hairpin
RF00467	RSV_PBS
RF00468	HCV_SLVII
RF00469	HCV_SLIV
RF00470	Toga_5_CRE
RF00480	HIV_FE
RF00481	HCV_X3
RF00485	K_chan_RES
RF00490	S-element
RF00498	EAV_LTH
RF00499	Parecho_CRE
RF00500	TCV_H5
RF00501	Rota_CRE
RF00502	TCV_Pr
RF00506	Thr_leader
RF00507	Corona_FSE
RF00510	Tombus_IRE
RF00512	Leu_leader
RF00513	Trp_leader
RF00514	His_leader
RF00515	PyrR
RF00516	ylbH
RF00517	serC
RF00518	speF
RF00520	ybhL
RF00523	Prion_pknot
RF00524	R2_retro_el
RF00525	Flavivirus_DB
RF00550	HepE_CRE
RF00551	bicoid_3
RF00552	rncO
RF00555	L13_leader
RF00556	L19_leader
RF00557	L10_leader
RF00558	L20_leader
RF00559	L21_leader
RF00617	cHP
RF00620	HCV_ARF_SL
RF00626	Gurken
RF00632	sxy
RF00635	HAR1A
RF01046	WLE3
RF01047	HBV_epsilon
RF01051	c-di-GMP-I
RF01065	23S-methyl
RF01066	6C
RF01068	mini-ykkC
RF01069	purD
RF01070	sucA
RF01072	TMV_UPD-PK3
RF01073	GP_knot1
RF01074	RF_site1
RF01075	TLS-PK1
RF01076	RF_site2
RF01077	TLS-PK2
RF01078	PK-PYVV
RF01079	RF_site3
RF01080	UPD-PKib
RF01081	SBWMV1_UPD-PKe
RF01082	SBWMV1_UPD-PKh
RF01083	UPD-PK2
RF01084	TLS-PK3
RF01085	TLS-PK4
RF01087	PK-repZ
RF01088	TLS-PK5
RF01089	PK-repBA
RF01090	RF_site4
RF01091	PK-SPCSV
RF01092	GP_knot2
RF01093	RF_site5
RF01094	RF_site6
RF01095	PK-CuYV_BPYV
RF01096	PK-HAV
RF01097	RF_site8
RF01098	RF_site9
RF01099	PK-IAV
RF01100	PK-BYV
RF01101	TLS-PK6
RF01102	PK1-TEV_CVMV
RF01103	UPD-PKc
RF01104	SBWMV2_UPD-PKb
RF01105	SBWMV2_UPD-PKl
RF01106	SBWMV1_UPD-PKb
RF01107	SBRMV1_UPD-PKf
RF01108	BMV3_UPD-PK1
RF01109	SBRMV1_UPD-PKd
RF01111	SBWMV2_UPD-PKk
RF01113	BMV3_UPD-PK3
RF01114	TMV_UPD-PK1
RF01313	AHBV_epsilon
RF01380	HIV-1_SD
RF01381	HIV-1_SL3
RF01382	HIV-1_SL4
RF01415	Flavivirus_SLIV
RF01417	RSV_RNA
RF01418	HIV_POL-1_SL
RF01453	RCNMV_TE_DR1
RF01454	RCNMV_5UTR
RF01455	DPB
RF01480	rli52
RF01481	rli53
RF01483	rli56
RF01484	rli59
RF01485	rli61
RF01486	rli62
RF01490	rli51
RF01491	rli54
RF01495	ACAT
RF01497	ALIL
RF01508	BYDV_5_UTR
RF01517	iscRS
RF01666	rox2
RF01667	rox1
RF01688	Actino-pnp
RF01692	Bacteroid-trp
RF01697	Chlorobi-RRM
RF01704	Downstream-peptide
RF01707	JUMPstart
RF01708	L17DE
RF01709	Lacto-rpoB
RF01711	Lnt
RF01713	Moco-II
RF01715	Pedo-repair
RF01716	PhotoRC-I
RF01717	PhotoRC-II
RF01720	Pseudomon-Rho
RF01721	Pseudomon-groES
RF01724	SAM-Chlorobi
RF01726	SAM-II_long_loops
RF01729	Termite-flg
RF01730	Termite-leu
RF01731	TwoAYGGAY
RF01733	atoC
RF01735	epsC
RF01736	flg-Rhizobiales
RF01737	flpD
RF01738	gabT
RF01740	gyrA
RF01743	leu-phe_leader
RF01744	livK
RF01745	manA
RF01746	mraW
RF01747	msiK
RF01748	nuoG
RF01749	pan
RF01751	potC
RF01752	psaA
RF01753	psbNH
RF01754	radC
RF01755	rmf
RF01756	rne-II
RF01758	sucA-II
RF01759	sucC
RF01760	traJ-II
RF01761	wcaG
RF01763	ykkC-III
RF01764	yjdF
RF01768	flavi_FSE
RF01769	greA
RF01770	rimP
RF01771	rnk_leader
RF01772	rnk_pseudo
RF01773	rpsL_pseudo
RF01774	rpsL_ricks
RF01778	Evf-2_5p
RF01785	blv_FSE
RF01790	htlv_FSE
RF01792	eiav_FSE
RF01800	gadd7
RF01803	GABA3
RF01833	astro_FSE
RF01834	fiv_FSE
RF01835	HIV_FS2
RF01836	weev_FSE
RF01837	toga_FSE
RF01838	sobemo_FSE
RF01839	eeev_FSE
RF01840	ovine_lenti_FSE
RF01841	veev_FSE
RF01842	mycoplasma_FSE
RF01843	neisseria_FSE
RF01859	Phe_leader
RF01871	MALAT1
RF01872	MEG3_2
RF01873	PISRT1
RF01874	MIAT_exon1
RF01875	MIAT_exon5_1
RF01876	MIAT_exon5_2
RF01877	MIAT_exon5_3
RF01879	TUSC7
RF01880	Xist_exon1
RF01881	Xist_exon4
RF01882	TUG1_1
RF01883	TUG1_2
RF01884	LINC00901
RF01885	HSR-omega_1
RF01886	HSR-omega_2
RF01887	DLX6-AS1_1
RF01888	DLX6-AS1_2
RF01889	lincRNA-p21_1
RF01890	lincRNA-p21_2
RF01891	TUG1_3
RF01892	TUG1_4
RF01894	PCA3_2
RF01904	HOTAIR_1
RF01905	HOTAIR_2
RF01906	HOTAIR_3
RF01909	CDKN2B-AS
RF01928	Mico1
RF01929	bxd_1
RF01930	bxd_2
RF01931	bxd_3
RF01932	bxd_4
RF01933	bxd_5
RF01934	bxd_6
RF01935	bxd_7
RF01946	KCNQ1OT1_1
RF01947	KCNQ1OT1_2
RF01948	KCNQ1OT1_3
RF01950	KCNQ1OT1_5
RF01951	SOX2OT_exon1
RF01952	SOX2OT_exon2
RF01953	SOX2OT_exon3
RF01954	SOX2OT_exon4
RF01955	NEAT1_1
RF01956	NEAT1_2
RF01957	NEAT1_3
RF01962	RMST_1
RF01963	RMST_2
RF01964	RMST_3
RF01965	RMST_4
RF01966	RMST_5
RF01967	RMST_6
RF01968	RMST_7
RF01969	RMST_8
RF01970	RMST_9
RF01971	RMST_10
RF01972	H19_1
RF01973	H19_2
RF01974	H19_3
RF01975	HOTAIRM1_1
RF01976	HOTAIRM1_2
RF01977	HOTAIRM1_3
RF01978	HOTAIRM1_4
RF01979	HOTAIRM1_5
RF01981	PCGEM1
RF01982	PYLIS_1
RF01983	Pinc
RF01984	ZEB2_AS1_1
RF01985	ZEB2_AS1_2
RF01986	ZEB2_AS1_3
RF01987	ZEB2_AS1_4
RF01988	SECIS_2
RF01989	SECIS_3
RF01990	SECIS_4
RF01991	SECIS_5
RF01992	VIS1
RF01998	group-II-D1D4-1
RF01999	group-II-D1D4-2
RF02001	group-II-D1D4-3
RF02003	group-II-D1D4-4
RF02004	group-II-D1D4-5
RF02005	group-II-D1D4-6
RF02012	group-II-D1D4-7
RF02038	SPRY4-IT1_1
RF02039	SPRY4-IT1_2
RF02040	HOTTIP_1
RF02041	HOTTIP_2
RF02042	HOTTIP_3
RF02043	HOTTIP_4
RF02044	CDKN2B-AS_2
RF02045	CDKN2B-AS_3
RF02046	Sphinx_1
RF02047	Sphinx_2
RF02085	Yar_1
RF02086	Yar_2
RF02087	Yar_3
RF02089	CLRN1-AS1
RF02090	DAOA-AS1_1
RF02091	DAOA-AS1_2
RF02098	DGCR5
RF02101	HULC
RF02102	DISC2
RF02103	DLEU1_1
RF02104	DLEU1_2
RF02105	DLEU2_1
RF02106	DLEU2_2
RF02107	DLEU2_3
RF02108	DLEU2_4
RF02109	DLEU2_5
RF02110	DLEU2_6
RF02112	DLG2-AS1_1
RF02113	DLG2-AS1_2
RF02114	FAM13A-AS1_1
RF02115	FAM13A-AS1_2
RF02116	FAS-AS1
RF02117	FMR1-AS1_1
RF02118	FMR1-AS1_2
RF02119	FTX_1
RF02120	FTX_2
RF02121	FTX_3
RF02122	FTX_5
RF02123	FTX_4
RF02124	JPX_1
RF02125	JPX_2
RF02126	GHRLOS
RF02127	GNAS-AS1_1
RF02128	GNAS-AS1_2
RF02129	GNAS-AS1_3
RF02130	GNAS-AS1_4
RF02131	GNAS-AS1_5
RF02132	HOXB13-AS1_1
RF02133	HOXB13-AS1_2
RF02134	HTT-AS1_1
RF02135	HTT-AS1_2
RF02136	HTT-AS1_3
RF02137	HOXA11-AS1_1
RF02138	HOXA11-AS1_2
RF02139	HOXA11-AS1_3
RF02140	HOXA11-AS1_4
RF02141	HOXA11-AS1_5
RF02142	HOXA11-AS1_6
RF02143	HYMAI
RF02145	MEG8_1
RF02146	MEG8_2
RF02147	MEG8_3
RF02148	MESTIT1_1
RF02149	MESTIT1_2
RF02150	MESTIT1_3
RF02151	MIMT1_1
RF02153	NBR2
RF02154	NCRUPAR_1
RF02155	NCRUPAR_2
RF02156	NPPA-AS1_1
RF02157	NPPA-AS1_2
RF02158	NPPA-AS1_3
RF02159	PART1_1
RF02160	PART1_2
RF02161	PART1_3
RF02162	XIST_A_REPEAT
RF02164	PVT1_1
RF02165	PVT1_2
RF02166	PVT1_3
RF02167	PVT1_4
RF02168	PVT1_5
RF02169	PVT1_6
RF02170	PVT1_7
RF02171	RFPL3-AS1_1
RF02172	RFPL3-AS1_2
RF02173	SMAD5-AS1_1
RF02174	SMAD5-AS1_2
RF02175	SMAD5-AS1_3
RF02176	SMAD5-AS1_4
RF02177	SMCR2_1
RF02178	SMCR2_2
RF02179	ST7-AS1_1
RF02180	ST7-AS1_2
RF02181	ST7-AS2_1
RF02182	ST7-AS2_2
RF02183	ST7-OT3_1
RF02184	ST7-OT3_2
RF02185	ST7-OT3_3
RF02186	ST7-OT3_4
RF02187	ST7-OT4_1
RF02188	ST7-OT4_2
RF02189	ST7-OT4_3
RF02190	ST7-OT4_4
RF02191	TCL6_1
RF02192	TCL6_2
RF02193	TCL6_3
RF02195	TP53TG1_1
RF02196	TP53TG1_2
RF02197	TP73-AS1
RF02198	TTC28-AS1_1
RF02199	TTC28-AS1_2
RF02200	TTC28-AS1_3
RF02201	TTC28-AS1_4
RF02202	UCA1
RF02203	WT1-AS_1
RF02204	WT1-AS_2
RF02205	WT1-AS_3
RF02206	WT1-AS_4
RF02207	WT1-AS_5
RF02208	WT1-AS_6
RF02209	WT1-AS_7
RF02210	WT1-AS_8
RF02211	ZFAT-AS1_1
RF02212	ZFAT-AS1_2
RF02213	ZFAT-AS1_3
RF02215	ZNFX1-AS1_1
RF02216	ZNFX1-AS1_2
RF02217	ZNFX1-AS1_3
RF02218	ZNRD1-AS1_1
RF02219	ZNRD1-AS1_2
RF02220	ZNRD1-AS1_3
RF02246	Six3os1_1
RF02247	Six3os1_2
RF02248	Six3os1_3
RF02249	Six3os1_4
RF02250	Six3os1_5
RF02251	Six3os1_6
RF02252	Six3os1_7
RF02253	IRE_II
RF02255	adapt33_1
RF02256	adapt33_2
RF02257	adapt33_3
RF02258	adapt33_4
RF02259	Vax2os1_1
RF02260	MAT2A_A
RF02261	MAT2A_B
RF02262	MAT2A_C
RF02263	MAT2A_D
RF02264	MAT2A_E
RF02265	MAT2A_F
RF02266	XIST_intron
RF02267	Vax2os1_2
RF02271	uc_338
RF02272	Vax2os1_3
RF02340	DENV_SLA
RF02359	MS2
RF02370	Trp_leader_2
RF02371	PyrG_leader
RF02372	PyrC_leader
RF02373	PyrD_leader
RF02400	Hsp83_3_UTR
RF02401	ClpQY_promoter
RF02416	TCV_H4
RF02455	Virus_CITE_1
RF02456	Diantho_3_UTR
RF02457	Virus_CITE_2
RF02458	Virus_CITE_3
RF02459	Virus_CITE_4
RF02460	Virus_CITE_5
RF02461	Virus_CITE_6
RF02509	PYLIS_2
RF02510	PYLIS_3
RF02511	PYLIS_4
RF02512	PYLIS_5
RF02513	PYLIS_6
RF02521	Virus_CITE_7
RF02522	Virus_CITE_8
RF02532	MNV_3UTR
RF02533	HAV_CRE
RF02534	Noro_CRE
RF02536	AEV_CRE
RF02548	Oskar_OES
RF02549	YFV_3UTR
RF02551	DapZ
RF02572	babR_5UTR
RF02584	KRAS_3UTR
RF02585	HCV_package
RF02586	HCV_package-SL733
RF02587	HCV_package-SL4629
RF02588	HCV_package-SL6067
RF02660	icaR_3p_UTR
RF02661	icaR_5p_UTR
RF02663	GmglnB1_5p_UTR
RF02689	hilD_3p_UTR
RF02697	LDH1_5p_UTR
RF02740	Fwd6_3p_UTR
RF02744	Rev39_5p_UTR
RF02745	Rev42_5p_UTR
RF02816	HBV_PRE_1151-1410
RF02887	mgtC_leader
RF02893	RpsF_leader
RF02907	patAB
RF02911	Baculoviridae_NAE
RF02913	pemK
RF02914	DUF805b
RF02915	DUF3800-VI
RF02916	atpB
RF02917	Burkholderiales-2
RF02918	MDR-NUDIX
RF02919	ilvB-OMG
RF02920	Fusobacteriales-1
RF02922	RAGATH-32
RF02923	HTH-XRE
RF02929	algC
RF02930	aspS
RF02939	COG2908
RF02940	COG3860
RF02951	DABA-DC-AT
RF02953	DUF1874
RF02954	DUF3577
RF02959	DUF3085
RF02960	DUF2800
RF02972	engA
RF02974	Fibro-purF
RF02977	folE
RF02978	folP
RF02980	freshwater-2
RF02981	FTHFS
RF02982	gltS
RF02991	GP20-a
RF02992	hya
RF02993	ilvH
RF02999	ivy-DE
RF03001	leuA-Halobacteria
RF03002	lysM-Prevotella
RF03003	GP20-b
RF03005	lysM-TM7
RF03008	malK-II
RF03009	malK-III
RF03024	Rothia-sucC
RF03031	ssnA
RF03032	narK
RF03033	NLPC-P60
RF03038	nhaA-II
RF03039	Peptidase-S11
RF03040	PGK
RF03054	NMT1
RF03060	uup
RF03062	xerDC
RF03067	terC
RF03069	malK-I
RF03074	Rhodo-rpoB
RF03078	chrB-a
RF03081	DUF805
RF03086	chrB-b
RF03090	lysM-Actino
RF03109	Thermales-rpoB
RF03116	aCoV-5UTR
RF03117	bCoV-5UTR
RF03118	gCoV-5UTR
RF03119	dCoV-5UTR
RF03120	Sarbecovirus-5UTR
RF03121	aCoV-3UTR
RF03122	bCoV-3UTR
RF03123	gCoV-3UTR
RF03124	dCoV-3UTR
RF03125	Sarbecovirus-3UTR
